Case ID,Case Title,Case Description,Category,Example Question,Example Response
1,Case Title 1,Description of case 1,Employment Law,What was the outcome of Case Title 1?,The case resulted in a decision for the plaintiff.
2,Case Title 2,Description of case 2,Family Law,What was the outcome of Case Title 2?,The case resulted in a decision for the plaintiff.
3,Case Title 3,Description of case 3,Employment Law,What was the outcome of Case Title 3?,The case resulted in a decision for the plaintiff.
4,Case Title 4,Description of case 4,Employment Law,What was the outcome of Case Title 4?,The case resulted in a decision for the plaintiff.
5,Case Title 5,Description of case 5,Criminal,What was the outcome of Case Title 5?,The case resulted in a decision for the plaintiff.
6,Case Title 6,Description of case 6,Employment Law,What was the outcome of Case Title 6?,The case resulted in a decision for the plaintiff.
7,Case Title 7,Description of case 7,Criminal,What was the outcome of Case Title 7?,The case resulted in a decision for the plaintiff.
8,Case Title 8,Description of case 8,Civil,What was the outcome of Case Title 8?,The case resulted in a decision for the plaintiff.
9,Case Title 9,Description of case 9,Family Law,What was the outcome of Case Title 9?,The case resulted in a decision for the plaintiff.
10,Case Title 10,Description of case 10,Intellectual Property,What was the outcome of Case Title 10?,The case resulted in a decision for the plaintiff.
11,Case Title 11,Description of case 11,Civil,What was the outcome of Case Title 11?,The case resulted in a decision for the plaintiff.
12,Case Title 12,Description of case 12,Family Law,What was the outcome of Case Title 12?,The case resulted in a decision for the plaintiff.
13,Case Title 13,Description of case 13,Intellectual Property,What was the outcome of Case Title 13?,The case resulted in a decision for the plaintiff.
14,Case Title 14,Description of case 14,Civil,What was the outcome of Case Title 14?,The case resulted in a decision for the plaintiff.
15,Case Title 15,Description of case 15,Intellectual Property,What was the outcome of Case Title 15?,The case resulted in a decision for the plaintiff.
16,Case Title 16,Description of case 16,Criminal,What was the outcome of Case Title 16?,The case resulted in a decision for the plaintiff.
17,Case Title 17,Description of case 17,Civil,What was the outcome of Case Title 17?,The case resulted in a decision for the plaintiff.
18,Case Title 18,Description of case 18,Family Law,What was the outcome of Case Title 18?,The case resulted in a decision for the plaintiff.
19,Case Title 19,Description of case 19,Family Law,What was the outcome of Case Title 19?,The case resulted in a decision for the plaintiff.
20,Case Title 20,Description of case 20,Family Law,What was the outcome of Case Title 20?,The case resulted in a decision for the plaintiff.
21,Case Title 21,Description of case 21,Criminal,What was the outcome of Case Title 21?,The case resulted in a decision for the plaintiff.
22,Case Title 22,Description of case 22,Civil,What was the outcome of Case Title 22?,The case resulted in a decision for the plaintiff.
23,Case Title 23,Description of case 23,Family Law,What was the outcome of Case Title 23?,The case resulted in a decision for the plaintiff.
24,Case Title 24,Description of case 24,Civil,What was the outcome of Case Title 24?,The case resulted in a decision for the plaintiff.
25,Case Title 25,Description of case 25,Criminal,What was the outcome of Case Title 25?,The case resulted in a decision for the plaintiff.
26,Case Title 26,Description of case 26,Employment Law,What was the outcome of Case Title 26?,The case resulted in a decision for the plaintiff.
27,Case Title 27,Description of case 27,Civil,What was the outcome of Case Title 27?,The case resulted in a decision for the plaintiff.
28,Case Title 28,Description of case 28,Employment Law,What was the outcome of Case Title 28?,The case resulted in a decision for the plaintiff.
29,Case Title 29,Description of case 29,Civil,What was the outcome of Case Title 29?,The case resulted in a decision for the plaintiff.
30,Case Title 30,Description of case 30,Criminal,What was the outcome of Case Title 30?,The case resulted in a decision for the plaintiff.
31,Case Title 31,Description of case 31,Employment Law,What was the outcome of Case Title 31?,The case resulted in a decision for the plaintiff.
32,Case Title 32,Description of case 32,Employment Law,What was the outcome of Case Title 32?,The case resulted in a decision for the plaintiff.
33,Case Title 33,Description of case 33,Criminal,What was the outcome of Case Title 33?,The case resulted in a decision for the plaintiff.
34,Case Title 34,Description of case 34,Criminal,What was the outcome of Case Title 34?,The case resulted in a decision for the plaintiff.
35,Case Title 35,Description of case 35,Employment Law,What was the outcome of Case Title 35?,The case resulted in a decision for the plaintiff.
36,Case Title 36,Description of case 36,Employment Law,What was the outcome of Case Title 36?,The case resulted in a decision for the plaintiff.
37,Case Title 37,Description of case 37,Family Law,What was the outcome of Case Title 37?,The case resulted in a decision for the plaintiff.
38,Case Title 38,Description of case 38,Civil,What was the outcome of Case Title 38?,The case resulted in a decision for the plaintiff.
39,Case Title 39,Description of case 39,Civil,What was the outcome of Case Title 39?,The case resulted in a decision for the plaintiff.
40,Case Title 40,Description of case 40,Civil,What was the outcome of Case Title 40?,The case resulted in a decision for the plaintiff.
41,Case Title 41,Description of case 41,Employment Law,What was the outcome of Case Title 41?,The case resulted in a decision for the plaintiff.
42,Case Title 42,Description of case 42,Family Law,What was the outcome of Case Title 42?,The case resulted in a decision for the plaintiff.
43,Case Title 43,Description of case 43,Intellectual Property,What was the outcome of Case Title 43?,The case resulted in a decision for the plaintiff.
44,Case Title 44,Description of case 44,Employment Law,What was the outcome of Case Title 44?,The case resulted in a decision for the plaintiff.
45,Case Title 45,Description of case 45,Civil,What was the outcome of Case Title 45?,The case resulted in a decision for the plaintiff.
46,Case Title 46,Description of case 46,Civil,What was the outcome of Case Title 46?,The case resulted in a decision for the plaintiff.
47,Case Title 47,Description of case 47,Intellectual Property,What was the outcome of Case Title 47?,The case resulted in a decision for the plaintiff.
48,Case Title 48,Description of case 48,Intellectual Property,What was the outcome of Case Title 48?,The case resulted in a decision for the plaintiff.
49,Case Title 49,Description of case 49,Criminal,What was the outcome of Case Title 49?,The case resulted in a decision for the plaintiff.
50,Case Title 50,Description of case 50,Employment Law,What was the outcome of Case Title 50?,The case resulted in a decision for the plaintiff.
51,Case Title 51,Description of case 51,Criminal,What was the outcome of Case Title 51?,The case resulted in a decision for the plaintiff.
52,Case Title 52,Description of case 52,Employment Law,What was the outcome of Case Title 52?,The case resulted in a decision for the plaintiff.
53,Case Title 53,Description of case 53,Employment Law,What was the outcome of Case Title 53?,The case resulted in a decision for the plaintiff.
54,Case Title 54,Description of case 54,Intellectual Property,What was the outcome of Case Title 54?,The case resulted in a decision for the plaintiff.
55,Case Title 55,Description of case 55,Employment Law,What was the outcome of Case Title 55?,The case resulted in a decision for the plaintiff.
56,Case Title 56,Description of case 56,Employment Law,What was the outcome of Case Title 56?,The case resulted in a decision for the plaintiff.
57,Case Title 57,Description of case 57,Intellectual Property,What was the outcome of Case Title 57?,The case resulted in a decision for the plaintiff.
58,Case Title 58,Description of case 58,Intellectual Property,What was the outcome of Case Title 58?,The case resulted in a decision for the plaintiff.
59,Case Title 59,Description of case 59,Criminal,What was the outcome of Case Title 59?,The case resulted in a decision for the plaintiff.
60,Case Title 60,Description of case 60,Criminal,What was the outcome of Case Title 60?,The case resulted in a decision for the plaintiff.
61,Case Title 61,Description of case 61,Criminal,What was the outcome of Case Title 61?,The case resulted in a decision for the plaintiff.
62,Case Title 62,Description of case 62,Intellectual Property,What was the outcome of Case Title 62?,The case resulted in a decision for the plaintiff.
63,Case Title 63,Description of case 63,Family Law,What was the outcome of Case Title 63?,The case resulted in a decision for the plaintiff.
64,Case Title 64,Description of case 64,Intellectual Property,What was the outcome of Case Title 64?,The case resulted in a decision for the plaintiff.
65,Case Title 65,Description of case 65,Intellectual Property,What was the outcome of Case Title 65?,The case resulted in a decision for the plaintiff.
66,Case Title 66,Description of case 66,Employment Law,What was the outcome of Case Title 66?,The case resulted in a decision for the plaintiff.
67,Case Title 67,Description of case 67,Family Law,What was the outcome of Case Title 67?,The case resulted in a decision for the plaintiff.
68,Case Title 68,Description of case 68,Civil,What was the outcome of Case Title 68?,The case resulted in a decision for the plaintiff.
69,Case Title 69,Description of case 69,Employment Law,What was the outcome of Case Title 69?,The case resulted in a decision for the plaintiff.
70,Case Title 70,Description of case 70,Family Law,What was the outcome of Case Title 70?,The case resulted in a decision for the plaintiff.
71,Case Title 71,Description of case 71,Intellectual Property,What was the outcome of Case Title 71?,The case resulted in a decision for the plaintiff.
72,Case Title 72,Description of case 72,Intellectual Property,What was the outcome of Case Title 72?,The case resulted in a decision for the plaintiff.
73,Case Title 73,Description of case 73,Civil,What was the outcome of Case Title 73?,The case resulted in a decision for the plaintiff.
74,Case Title 74,Description of case 74,Employment Law,What was the outcome of Case Title 74?,The case resulted in a decision for the plaintiff.
75,Case Title 75,Description of case 75,Family Law,What was the outcome of Case Title 75?,The case resulted in a decision for the plaintiff.
76,Case Title 76,Description of case 76,Criminal,What was the outcome of Case Title 76?,The case resulted in a decision for the plaintiff.
77,Case Title 77,Description of case 77,Employment Law,What was the outcome of Case Title 77?,The case resulted in a decision for the plaintiff.
78,Case Title 78,Description of case 78,Family Law,What was the outcome of Case Title 78?,The case resulted in a decision for the plaintiff.
79,Case Title 79,Description of case 79,Criminal,What was the outcome of Case Title 79?,The case resulted in a decision for the plaintiff.
80,Case Title 80,Description of case 80,Intellectual Property,What was the outcome of Case Title 80?,The case resulted in a decision for the plaintiff.
81,Case Title 81,Description of case 81,Employment Law,What was the outcome of Case Title 81?,The case resulted in a decision for the plaintiff.
82,Case Title 82,Description of case 82,Intellectual Property,What was the outcome of Case Title 82?,The case resulted in a decision for the plaintiff.
83,Case Title 83,Description of case 83,Criminal,What was the outcome of Case Title 83?,The case resulted in a decision for the plaintiff.
84,Case Title 84,Description of case 84,Family Law,What was the outcome of Case Title 84?,The case resulted in a decision for the plaintiff.
85,Case Title 85,Description of case 85,Family Law,What was the outcome of Case Title 85?,The case resulted in a decision for the plaintiff.
86,Case Title 86,Description of case 86,Family Law,What was the outcome of Case Title 86?,The case resulted in a decision for the plaintiff.
87,Case Title 87,Description of case 87,Civil,What was the outcome of Case Title 87?,The case resulted in a decision for the plaintiff.
88,Case Title 88,Description of case 88,Civil,What was the outcome of Case Title 88?,The case resulted in a decision for the plaintiff.
89,Case Title 89,Description of case 89,Criminal,What was the outcome of Case Title 89?,The case resulted in a decision for the plaintiff.
90,Case Title 90,Description of case 90,Intellectual Property,What was the outcome of Case Title 90?,The case resulted in a decision for the plaintiff.
91,Case Title 91,Description of case 91,Employment Law,What was the outcome of Case Title 91?,The case resulted in a decision for the plaintiff.
92,Case Title 92,Description of case 92,Family Law,What was the outcome of Case Title 92?,The case resulted in a decision for the plaintiff.
93,Case Title 93,Description of case 93,Criminal,What was the outcome of Case Title 93?,The case resulted in a decision for the plaintiff.
94,Case Title 94,Description of case 94,Intellectual Property,What was the outcome of Case Title 94?,The case resulted in a decision for the plaintiff.
95,Case Title 95,Description of case 95,Intellectual Property,What was the outcome of Case Title 95?,The case resulted in a decision for the plaintiff.
96,Case Title 96,Description of case 96,Criminal,What was the outcome of Case Title 96?,The case resulted in a decision for the plaintiff.
97,Case Title 97,Description of case 97,Criminal,What was the outcome of Case Title 97?,The case resulted in a decision for the plaintiff.
98,Case Title 98,Description of case 98,Family Law,What was the outcome of Case Title 98?,The case resulted in a decision for the plaintiff.
99,Case Title 99,Description of case 99,Criminal,What was the outcome of Case Title 99?,The case resulted in a decision for the plaintiff.
100,Case Title 100,Description of case 100,Employment Law,What was the outcome of Case Title 100?,The case resulted in a decision for the plaintiff.
101,Case Title 101,Description of case 101,Family Law,What was the outcome of Case Title 101?,The case resulted in a decision for the plaintiff.
102,Case Title 102,Description of case 102,Criminal,What was the outcome of Case Title 102?,The case resulted in a decision for the plaintiff.
103,Case Title 103,Description of case 103,Employment Law,What was the outcome of Case Title 103?,The case resulted in a decision for the plaintiff.
104,Case Title 104,Description of case 104,Employment Law,What was the outcome of Case Title 104?,The case resulted in a decision for the plaintiff.
105,Case Title 105,Description of case 105,Criminal,What was the outcome of Case Title 105?,The case resulted in a decision for the plaintiff.
106,Case Title 106,Description of case 106,Employment Law,What was the outcome of Case Title 106?,The case resulted in a decision for the plaintiff.
107,Case Title 107,Description of case 107,Family Law,What was the outcome of Case Title 107?,The case resulted in a decision for the plaintiff.
108,Case Title 108,Description of case 108,Civil,What was the outcome of Case Title 108?,The case resulted in a decision for the plaintiff.
109,Case Title 109,Description of case 109,Employment Law,What was the outcome of Case Title 109?,The case resulted in a decision for the plaintiff.
110,Case Title 110,Description of case 110,Intellectual Property,What was the outcome of Case Title 110?,The case resulted in a decision for the plaintiff.
111,Case Title 111,Description of case 111,Civil,What was the outcome of Case Title 111?,The case resulted in a decision for the plaintiff.
112,Case Title 112,Description of case 112,Employment Law,What was the outcome of Case Title 112?,The case resulted in a decision for the plaintiff.
113,Case Title 113,Description of case 113,Intellectual Property,What was the outcome of Case Title 113?,The case resulted in a decision for the plaintiff.
114,Case Title 114,Description of case 114,Criminal,What was the outcome of Case Title 114?,The case resulted in a decision for the plaintiff.
115,Case Title 115,Description of case 115,Civil,What was the outcome of Case Title 115?,The case resulted in a decision for the plaintiff.
116,Case Title 116,Description of case 116,Criminal,What was the outcome of Case Title 116?,The case resulted in a decision for the plaintiff.
117,Case Title 117,Description of case 117,Intellectual Property,What was the outcome of Case Title 117?,The case resulted in a decision for the plaintiff.
118,Case Title 118,Description of case 118,Intellectual Property,What was the outcome of Case Title 118?,The case resulted in a decision for the plaintiff.
119,Case Title 119,Description of case 119,Intellectual Property,What was the outcome of Case Title 119?,The case resulted in a decision for the plaintiff.
120,Case Title 120,Description of case 120,Civil,What was the outcome of Case Title 120?,The case resulted in a decision for the plaintiff.
121,Case Title 121,Description of case 121,Civil,What was the outcome of Case Title 121?,The case resulted in a decision for the plaintiff.
122,Case Title 122,Description of case 122,Civil,What was the outcome of Case Title 122?,The case resulted in a decision for the plaintiff.
123,Case Title 123,Description of case 123,Civil,What was the outcome of Case Title 123?,The case resulted in a decision for the plaintiff.
124,Case Title 124,Description of case 124,Criminal,What was the outcome of Case Title 124?,The case resulted in a decision for the plaintiff.
125,Case Title 125,Description of case 125,Employment Law,What was the outcome of Case Title 125?,The case resulted in a decision for the plaintiff.
126,Case Title 126,Description of case 126,Employment Law,What was the outcome of Case Title 126?,The case resulted in a decision for the plaintiff.
127,Case Title 127,Description of case 127,Criminal,What was the outcome of Case Title 127?,The case resulted in a decision for the plaintiff.
128,Case Title 128,Description of case 128,Family Law,What was the outcome of Case Title 128?,The case resulted in a decision for the plaintiff.
129,Case Title 129,Description of case 129,Criminal,What was the outcome of Case Title 129?,The case resulted in a decision for the plaintiff.
130,Case Title 130,Description of case 130,Employment Law,What was the outcome of Case Title 130?,The case resulted in a decision for the plaintiff.
131,Case Title 131,Description of case 131,Civil,What was the outcome of Case Title 131?,The case resulted in a decision for the plaintiff.
132,Case Title 132,Description of case 132,Criminal,What was the outcome of Case Title 132?,The case resulted in a decision for the plaintiff.
133,Case Title 133,Description of case 133,Civil,What was the outcome of Case Title 133?,The case resulted in a decision for the plaintiff.
134,Case Title 134,Description of case 134,Civil,What was the outcome of Case Title 134?,The case resulted in a decision for the plaintiff.
135,Case Title 135,Description of case 135,Employment Law,What was the outcome of Case Title 135?,The case resulted in a decision for the plaintiff.
136,Case Title 136,Description of case 136,Civil,What was the outcome of Case Title 136?,The case resulted in a decision for the plaintiff.
137,Case Title 137,Description of case 137,Criminal,What was the outcome of Case Title 137?,The case resulted in a decision for the plaintiff.
138,Case Title 138,Description of case 138,Intellectual Property,What was the outcome of Case Title 138?,The case resulted in a decision for the plaintiff.
139,Case Title 139,Description of case 139,Civil,What was the outcome of Case Title 139?,The case resulted in a decision for the plaintiff.
140,Case Title 140,Description of case 140,Employment Law,What was the outcome of Case Title 140?,The case resulted in a decision for the plaintiff.
141,Case Title 141,Description of case 141,Civil,What was the outcome of Case Title 141?,The case resulted in a decision for the plaintiff.
142,Case Title 142,Description of case 142,Criminal,What was the outcome of Case Title 142?,The case resulted in a decision for the plaintiff.
143,Case Title 143,Description of case 143,Employment Law,What was the outcome of Case Title 143?,The case resulted in a decision for the plaintiff.
144,Case Title 144,Description of case 144,Civil,What was the outcome of Case Title 144?,The case resulted in a decision for the plaintiff.
145,Case Title 145,Description of case 145,Family Law,What was the outcome of Case Title 145?,The case resulted in a decision for the plaintiff.
146,Case Title 146,Description of case 146,Civil,What was the outcome of Case Title 146?,The case resulted in a decision for the plaintiff.
147,Case Title 147,Description of case 147,Employment Law,What was the outcome of Case Title 147?,The case resulted in a decision for the plaintiff.
148,Case Title 148,Description of case 148,Criminal,What was the outcome of Case Title 148?,The case resulted in a decision for the plaintiff.
149,Case Title 149,Description of case 149,Intellectual Property,What was the outcome of Case Title 149?,The case resulted in a decision for the plaintiff.
150,Case Title 150,Description of case 150,Criminal,What was the outcome of Case Title 150?,The case resulted in a decision for the plaintiff.
151,Case Title 151,Description of case 151,Civil,What was the outcome of Case Title 151?,The case resulted in a decision for the plaintiff.
152,Case Title 152,Description of case 152,Family Law,What was the outcome of Case Title 152?,The case resulted in a decision for the plaintiff.
153,Case Title 153,Description of case 153,Employment Law,What was the outcome of Case Title 153?,The case resulted in a decision for the plaintiff.
154,Case Title 154,Description of case 154,Family Law,What was the outcome of Case Title 154?,The case resulted in a decision for the plaintiff.
155,Case Title 155,Description of case 155,Criminal,What was the outcome of Case Title 155?,The case resulted in a decision for the plaintiff.
156,Case Title 156,Description of case 156,Criminal,What was the outcome of Case Title 156?,The case resulted in a decision for the plaintiff.
157,Case Title 157,Description of case 157,Criminal,What was the outcome of Case Title 157?,The case resulted in a decision for the plaintiff.
158,Case Title 158,Description of case 158,Intellectual Property,What was the outcome of Case Title 158?,The case resulted in a decision for the plaintiff.
159,Case Title 159,Description of case 159,Intellectual Property,What was the outcome of Case Title 159?,The case resulted in a decision for the plaintiff.
160,Case Title 160,Description of case 160,Intellectual Property,What was the outcome of Case Title 160?,The case resulted in a decision for the plaintiff.
161,Case Title 161,Description of case 161,Civil,What was the outcome of Case Title 161?,The case resulted in a decision for the plaintiff.
162,Case Title 162,Description of case 162,Employment Law,What was the outcome of Case Title 162?,The case resulted in a decision for the plaintiff.
163,Case Title 163,Description of case 163,Criminal,What was the outcome of Case Title 163?,The case resulted in a decision for the plaintiff.
164,Case Title 164,Description of case 164,Employment Law,What was the outcome of Case Title 164?,The case resulted in a decision for the plaintiff.
165,Case Title 165,Description of case 165,Criminal,What was the outcome of Case Title 165?,The case resulted in a decision for the plaintiff.
166,Case Title 166,Description of case 166,Employment Law,What was the outcome of Case Title 166?,The case resulted in a decision for the plaintiff.
167,Case Title 167,Description of case 167,Civil,What was the outcome of Case Title 167?,The case resulted in a decision for the plaintiff.
168,Case Title 168,Description of case 168,Intellectual Property,What was the outcome of Case Title 168?,The case resulted in a decision for the plaintiff.
169,Case Title 169,Description of case 169,Civil,What was the outcome of Case Title 169?,The case resulted in a decision for the plaintiff.
170,Case Title 170,Description of case 170,Criminal,What was the outcome of Case Title 170?,The case resulted in a decision for the plaintiff.
171,Case Title 171,Description of case 171,Employment Law,What was the outcome of Case Title 171?,The case resulted in a decision for the plaintiff.
172,Case Title 172,Description of case 172,Family Law,What was the outcome of Case Title 172?,The case resulted in a decision for the plaintiff.
173,Case Title 173,Description of case 173,Employment Law,What was the outcome of Case Title 173?,The case resulted in a decision for the plaintiff.
174,Case Title 174,Description of case 174,Employment Law,What was the outcome of Case Title 174?,The case resulted in a decision for the plaintiff.
175,Case Title 175,Description of case 175,Criminal,What was the outcome of Case Title 175?,The case resulted in a decision for the plaintiff.
176,Case Title 176,Description of case 176,Civil,What was the outcome of Case Title 176?,The case resulted in a decision for the plaintiff.
177,Case Title 177,Description of case 177,Intellectual Property,What was the outcome of Case Title 177?,The case resulted in a decision for the plaintiff.
178,Case Title 178,Description of case 178,Employment Law,What was the outcome of Case Title 178?,The case resulted in a decision for the plaintiff.
179,Case Title 179,Description of case 179,Criminal,What was the outcome of Case Title 179?,The case resulted in a decision for the plaintiff.
180,Case Title 180,Description of case 180,Civil,What was the outcome of Case Title 180?,The case resulted in a decision for the plaintiff.
181,Case Title 181,Description of case 181,Criminal,What was the outcome of Case Title 181?,The case resulted in a decision for the plaintiff.
182,Case Title 182,Description of case 182,Family Law,What was the outcome of Case Title 182?,The case resulted in a decision for the plaintiff.
183,Case Title 183,Description of case 183,Civil,What was the outcome of Case Title 183?,The case resulted in a decision for the plaintiff.
184,Case Title 184,Description of case 184,Intellectual Property,What was the outcome of Case Title 184?,The case resulted in a decision for the plaintiff.
185,Case Title 185,Description of case 185,Intellectual Property,What was the outcome of Case Title 185?,The case resulted in a decision for the plaintiff.
186,Case Title 186,Description of case 186,Family Law,What was the outcome of Case Title 186?,The case resulted in a decision for the plaintiff.
187,Case Title 187,Description of case 187,Family Law,What was the outcome of Case Title 187?,The case resulted in a decision for the plaintiff.
188,Case Title 188,Description of case 188,Family Law,What was the outcome of Case Title 188?,The case resulted in a decision for the plaintiff.
189,Case Title 189,Description of case 189,Civil,What was the outcome of Case Title 189?,The case resulted in a decision for the plaintiff.
190,Case Title 190,Description of case 190,Employment Law,What was the outcome of Case Title 190?,The case resulted in a decision for the plaintiff.
191,Case Title 191,Description of case 191,Employment Law,What was the outcome of Case Title 191?,The case resulted in a decision for the plaintiff.
192,Case Title 192,Description of case 192,Criminal,What was the outcome of Case Title 192?,The case resulted in a decision for the plaintiff.
193,Case Title 193,Description of case 193,Criminal,What was the outcome of Case Title 193?,The case resulted in a decision for the plaintiff.
194,Case Title 194,Description of case 194,Civil,What was the outcome of Case Title 194?,The case resulted in a decision for the plaintiff.
195,Case Title 195,Description of case 195,Intellectual Property,What was the outcome of Case Title 195?,The case resulted in a decision for the plaintiff.
196,Case Title 196,Description of case 196,Employment Law,What was the outcome of Case Title 196?,The case resulted in a decision for the plaintiff.
197,Case Title 197,Description of case 197,Family Law,What was the outcome of Case Title 197?,The case resulted in a decision for the plaintiff.
198,Case Title 198,Description of case 198,Employment Law,What was the outcome of Case Title 198?,The case resulted in a decision for the plaintiff.
199,Case Title 199,Description of case 199,Criminal,What was the outcome of Case Title 199?,The case resulted in a decision for the plaintiff.
200,Case Title 200,Description of case 200,Criminal,What was the outcome of Case Title 200?,The case resulted in a decision for the plaintiff.
201,Case Title 201,Description of case 201,Civil,What was the outcome of Case Title 201?,The case resulted in a decision for the plaintiff.
202,Case Title 202,Description of case 202,Employment Law,What was the outcome of Case Title 202?,The case resulted in a decision for the plaintiff.
203,Case Title 203,Description of case 203,Family Law,What was the outcome of Case Title 203?,The case resulted in a decision for the plaintiff.
204,Case Title 204,Description of case 204,Criminal,What was the outcome of Case Title 204?,The case resulted in a decision for the plaintiff.
205,Case Title 205,Description of case 205,Criminal,What was the outcome of Case Title 205?,The case resulted in a decision for the plaintiff.
206,Case Title 206,Description of case 206,Criminal,What was the outcome of Case Title 206?,The case resulted in a decision for the plaintiff.
207,Case Title 207,Description of case 207,Employment Law,What was the outcome of Case Title 207?,The case resulted in a decision for the plaintiff.
208,Case Title 208,Description of case 208,Employment Law,What was the outcome of Case Title 208?,The case resulted in a decision for the plaintiff.
209,Case Title 209,Description of case 209,Criminal,What was the outcome of Case Title 209?,The case resulted in a decision for the plaintiff.
210,Case Title 210,Description of case 210,Intellectual Property,What was the outcome of Case Title 210?,The case resulted in a decision for the plaintiff.
211,Case Title 211,Description of case 211,Family Law,What was the outcome of Case Title 211?,The case resulted in a decision for the plaintiff.
212,Case Title 212,Description of case 212,Intellectual Property,What was the outcome of Case Title 212?,The case resulted in a decision for the plaintiff.
213,Case Title 213,Description of case 213,Employment Law,What was the outcome of Case Title 213?,The case resulted in a decision for the plaintiff.
214,Case Title 214,Description of case 214,Civil,What was the outcome of Case Title 214?,The case resulted in a decision for the plaintiff.
215,Case Title 215,Description of case 215,Family Law,What was the outcome of Case Title 215?,The case resulted in a decision for the plaintiff.
216,Case Title 216,Description of case 216,Criminal,What was the outcome of Case Title 216?,The case resulted in a decision for the plaintiff.
217,Case Title 217,Description of case 217,Criminal,What was the outcome of Case Title 217?,The case resulted in a decision for the plaintiff.
218,Case Title 218,Description of case 218,Civil,What was the outcome of Case Title 218?,The case resulted in a decision for the plaintiff.
219,Case Title 219,Description of case 219,Family Law,What was the outcome of Case Title 219?,The case resulted in a decision for the plaintiff.
220,Case Title 220,Description of case 220,Criminal,What was the outcome of Case Title 220?,The case resulted in a decision for the plaintiff.
221,Case Title 221,Description of case 221,Employment Law,What was the outcome of Case Title 221?,The case resulted in a decision for the plaintiff.
222,Case Title 222,Description of case 222,Family Law,What was the outcome of Case Title 222?,The case resulted in a decision for the plaintiff.
223,Case Title 223,Description of case 223,Civil,What was the outcome of Case Title 223?,The case resulted in a decision for the plaintiff.
224,Case Title 224,Description of case 224,Intellectual Property,What was the outcome of Case Title 224?,The case resulted in a decision for the plaintiff.
225,Case Title 225,Description of case 225,Civil,What was the outcome of Case Title 225?,The case resulted in a decision for the plaintiff.
226,Case Title 226,Description of case 226,Criminal,What was the outcome of Case Title 226?,The case resulted in a decision for the plaintiff.
227,Case Title 227,Description of case 227,Civil,What was the outcome of Case Title 227?,The case resulted in a decision for the plaintiff.
228,Case Title 228,Description of case 228,Family Law,What was the outcome of Case Title 228?,The case resulted in a decision for the plaintiff.
229,Case Title 229,Description of case 229,Family Law,What was the outcome of Case Title 229?,The case resulted in a decision for the plaintiff.
230,Case Title 230,Description of case 230,Civil,What was the outcome of Case Title 230?,The case resulted in a decision for the plaintiff.
231,Case Title 231,Description of case 231,Criminal,What was the outcome of Case Title 231?,The case resulted in a decision for the plaintiff.
232,Case Title 232,Description of case 232,Criminal,What was the outcome of Case Title 232?,The case resulted in a decision for the plaintiff.
233,Case Title 233,Description of case 233,Civil,What was the outcome of Case Title 233?,The case resulted in a decision for the plaintiff.
234,Case Title 234,Description of case 234,Criminal,What was the outcome of Case Title 234?,The case resulted in a decision for the plaintiff.
235,Case Title 235,Description of case 235,Intellectual Property,What was the outcome of Case Title 235?,The case resulted in a decision for the plaintiff.
236,Case Title 236,Description of case 236,Civil,What was the outcome of Case Title 236?,The case resulted in a decision for the plaintiff.
237,Case Title 237,Description of case 237,Family Law,What was the outcome of Case Title 237?,The case resulted in a decision for the plaintiff.
238,Case Title 238,Description of case 238,Criminal,What was the outcome of Case Title 238?,The case resulted in a decision for the plaintiff.
239,Case Title 239,Description of case 239,Intellectual Property,What was the outcome of Case Title 239?,The case resulted in a decision for the plaintiff.
240,Case Title 240,Description of case 240,Employment Law,What was the outcome of Case Title 240?,The case resulted in a decision for the plaintiff.
241,Case Title 241,Description of case 241,Intellectual Property,What was the outcome of Case Title 241?,The case resulted in a decision for the plaintiff.
242,Case Title 242,Description of case 242,Criminal,What was the outcome of Case Title 242?,The case resulted in a decision for the plaintiff.
243,Case Title 243,Description of case 243,Civil,What was the outcome of Case Title 243?,The case resulted in a decision for the plaintiff.
244,Case Title 244,Description of case 244,Intellectual Property,What was the outcome of Case Title 244?,The case resulted in a decision for the plaintiff.
245,Case Title 245,Description of case 245,Employment Law,What was the outcome of Case Title 245?,The case resulted in a decision for the plaintiff.
246,Case Title 246,Description of case 246,Intellectual Property,What was the outcome of Case Title 246?,The case resulted in a decision for the plaintiff.
247,Case Title 247,Description of case 247,Family Law,What was the outcome of Case Title 247?,The case resulted in a decision for the plaintiff.
248,Case Title 248,Description of case 248,Intellectual Property,What was the outcome of Case Title 248?,The case resulted in a decision for the plaintiff.
249,Case Title 249,Description of case 249,Civil,What was the outcome of Case Title 249?,The case resulted in a decision for the plaintiff.
250,Case Title 250,Description of case 250,Civil,What was the outcome of Case Title 250?,The case resulted in a decision for the plaintiff.
251,Case Title 251,Description of case 251,Family Law,What was the outcome of Case Title 251?,The case resulted in a decision for the plaintiff.
252,Case Title 252,Description of case 252,Criminal,What was the outcome of Case Title 252?,The case resulted in a decision for the plaintiff.
253,Case Title 253,Description of case 253,Employment Law,What was the outcome of Case Title 253?,The case resulted in a decision for the plaintiff.
254,Case Title 254,Description of case 254,Intellectual Property,What was the outcome of Case Title 254?,The case resulted in a decision for the plaintiff.
255,Case Title 255,Description of case 255,Family Law,What was the outcome of Case Title 255?,The case resulted in a decision for the plaintiff.
256,Case Title 256,Description of case 256,Intellectual Property,What was the outcome of Case Title 256?,The case resulted in a decision for the plaintiff.
257,Case Title 257,Description of case 257,Civil,What was the outcome of Case Title 257?,The case resulted in a decision for the plaintiff.
258,Case Title 258,Description of case 258,Civil,What was the outcome of Case Title 258?,The case resulted in a decision for the plaintiff.
259,Case Title 259,Description of case 259,Criminal,What was the outcome of Case Title 259?,The case resulted in a decision for the plaintiff.
260,Case Title 260,Description of case 260,Intellectual Property,What was the outcome of Case Title 260?,The case resulted in a decision for the plaintiff.
261,Case Title 261,Description of case 261,Criminal,What was the outcome of Case Title 261?,The case resulted in a decision for the plaintiff.
262,Case Title 262,Description of case 262,Family Law,What was the outcome of Case Title 262?,The case resulted in a decision for the plaintiff.
263,Case Title 263,Description of case 263,Criminal,What was the outcome of Case Title 263?,The case resulted in a decision for the plaintiff.
264,Case Title 264,Description of case 264,Civil,What was the outcome of Case Title 264?,The case resulted in a decision for the plaintiff.
265,Case Title 265,Description of case 265,Employment Law,What was the outcome of Case Title 265?,The case resulted in a decision for the plaintiff.
266,Case Title 266,Description of case 266,Family Law,What was the outcome of Case Title 266?,The case resulted in a decision for the plaintiff.
267,Case Title 267,Description of case 267,Family Law,What was the outcome of Case Title 267?,The case resulted in a decision for the plaintiff.
268,Case Title 268,Description of case 268,Criminal,What was the outcome of Case Title 268?,The case resulted in a decision for the plaintiff.
269,Case Title 269,Description of case 269,Civil,What was the outcome of Case Title 269?,The case resulted in a decision for the plaintiff.
270,Case Title 270,Description of case 270,Family Law,What was the outcome of Case Title 270?,The case resulted in a decision for the plaintiff.
271,Case Title 271,Description of case 271,Family Law,What was the outcome of Case Title 271?,The case resulted in a decision for the plaintiff.
272,Case Title 272,Description of case 272,Criminal,What was the outcome of Case Title 272?,The case resulted in a decision for the plaintiff.
273,Case Title 273,Description of case 273,Criminal,What was the outcome of Case Title 273?,The case resulted in a decision for the plaintiff.
274,Case Title 274,Description of case 274,Criminal,What was the outcome of Case Title 274?,The case resulted in a decision for the plaintiff.
275,Case Title 275,Description of case 275,Family Law,What was the outcome of Case Title 275?,The case resulted in a decision for the plaintiff.
276,Case Title 276,Description of case 276,Employment Law,What was the outcome of Case Title 276?,The case resulted in a decision for the plaintiff.
277,Case Title 277,Description of case 277,Intellectual Property,What was the outcome of Case Title 277?,The case resulted in a decision for the plaintiff.
278,Case Title 278,Description of case 278,Civil,What was the outcome of Case Title 278?,The case resulted in a decision for the plaintiff.
279,Case Title 279,Description of case 279,Intellectual Property,What was the outcome of Case Title 279?,The case resulted in a decision for the plaintiff.
280,Case Title 280,Description of case 280,Civil,What was the outcome of Case Title 280?,The case resulted in a decision for the plaintiff.
281,Case Title 281,Description of case 281,Intellectual Property,What was the outcome of Case Title 281?,The case resulted in a decision for the plaintiff.
282,Case Title 282,Description of case 282,Criminal,What was the outcome of Case Title 282?,The case resulted in a decision for the plaintiff.
283,Case Title 283,Description of case 283,Employment Law,What was the outcome of Case Title 283?,The case resulted in a decision for the plaintiff.
284,Case Title 284,Description of case 284,Criminal,What was the outcome of Case Title 284?,The case resulted in a decision for the plaintiff.
285,Case Title 285,Description of case 285,Intellectual Property,What was the outcome of Case Title 285?,The case resulted in a decision for the plaintiff.
286,Case Title 286,Description of case 286,Criminal,What was the outcome of Case Title 286?,The case resulted in a decision for the plaintiff.
287,Case Title 287,Description of case 287,Criminal,What was the outcome of Case Title 287?,The case resulted in a decision for the plaintiff.
288,Case Title 288,Description of case 288,Family Law,What was the outcome of Case Title 288?,The case resulted in a decision for the plaintiff.
289,Case Title 289,Description of case 289,Employment Law,What was the outcome of Case Title 289?,The case resulted in a decision for the plaintiff.
290,Case Title 290,Description of case 290,Employment Law,What was the outcome of Case Title 290?,The case resulted in a decision for the plaintiff.
291,Case Title 291,Description of case 291,Family Law,What was the outcome of Case Title 291?,The case resulted in a decision for the plaintiff.
292,Case Title 292,Description of case 292,Civil,What was the outcome of Case Title 292?,The case resulted in a decision for the plaintiff.
293,Case Title 293,Description of case 293,Civil,What was the outcome of Case Title 293?,The case resulted in a decision for the plaintiff.
294,Case Title 294,Description of case 294,Employment Law,What was the outcome of Case Title 294?,The case resulted in a decision for the plaintiff.
295,Case Title 295,Description of case 295,Employment Law,What was the outcome of Case Title 295?,The case resulted in a decision for the plaintiff.
296,Case Title 296,Description of case 296,Family Law,What was the outcome of Case Title 296?,The case resulted in a decision for the plaintiff.
297,Case Title 297,Description of case 297,Intellectual Property,What was the outcome of Case Title 297?,The case resulted in a decision for the plaintiff.
298,Case Title 298,Description of case 298,Criminal,What was the outcome of Case Title 298?,The case resulted in a decision for the plaintiff.
299,Case Title 299,Description of case 299,Employment Law,What was the outcome of Case Title 299?,The case resulted in a decision for the plaintiff.
300,Case Title 300,Description of case 300,Family Law,What was the outcome of Case Title 300?,The case resulted in a decision for the plaintiff.
301,Case Title 301,Description of case 301,Intellectual Property,What was the outcome of Case Title 301?,The case resulted in a decision for the plaintiff.
302,Case Title 302,Description of case 302,Family Law,What was the outcome of Case Title 302?,The case resulted in a decision for the plaintiff.
303,Case Title 303,Description of case 303,Family Law,What was the outcome of Case Title 303?,The case resulted in a decision for the plaintiff.
304,Case Title 304,Description of case 304,Family Law,What was the outcome of Case Title 304?,The case resulted in a decision for the plaintiff.
305,Case Title 305,Description of case 305,Intellectual Property,What was the outcome of Case Title 305?,The case resulted in a decision for the plaintiff.
306,Case Title 306,Description of case 306,Civil,What was the outcome of Case Title 306?,The case resulted in a decision for the plaintiff.
307,Case Title 307,Description of case 307,Employment Law,What was the outcome of Case Title 307?,The case resulted in a decision for the plaintiff.
308,Case Title 308,Description of case 308,Family Law,What was the outcome of Case Title 308?,The case resulted in a decision for the plaintiff.
309,Case Title 309,Description of case 309,Employment Law,What was the outcome of Case Title 309?,The case resulted in a decision for the plaintiff.
310,Case Title 310,Description of case 310,Employment Law,What was the outcome of Case Title 310?,The case resulted in a decision for the plaintiff.
311,Case Title 311,Description of case 311,Family Law,What was the outcome of Case Title 311?,The case resulted in a decision for the plaintiff.
312,Case Title 312,Description of case 312,Intellectual Property,What was the outcome of Case Title 312?,The case resulted in a decision for the plaintiff.
313,Case Title 313,Description of case 313,Civil,What was the outcome of Case Title 313?,The case resulted in a decision for the plaintiff.
314,Case Title 314,Description of case 314,Civil,What was the outcome of Case Title 314?,The case resulted in a decision for the plaintiff.
315,Case Title 315,Description of case 315,Family Law,What was the outcome of Case Title 315?,The case resulted in a decision for the plaintiff.
316,Case Title 316,Description of case 316,Family Law,What was the outcome of Case Title 316?,The case resulted in a decision for the plaintiff.
317,Case Title 317,Description of case 317,Civil,What was the outcome of Case Title 317?,The case resulted in a decision for the plaintiff.
318,Case Title 318,Description of case 318,Civil,What was the outcome of Case Title 318?,The case resulted in a decision for the plaintiff.
319,Case Title 319,Description of case 319,Family Law,What was the outcome of Case Title 319?,The case resulted in a decision for the plaintiff.
320,Case Title 320,Description of case 320,Family Law,What was the outcome of Case Title 320?,The case resulted in a decision for the plaintiff.
321,Case Title 321,Description of case 321,Family Law,What was the outcome of Case Title 321?,The case resulted in a decision for the plaintiff.
322,Case Title 322,Description of case 322,Criminal,What was the outcome of Case Title 322?,The case resulted in a decision for the plaintiff.
323,Case Title 323,Description of case 323,Criminal,What was the outcome of Case Title 323?,The case resulted in a decision for the plaintiff.
324,Case Title 324,Description of case 324,Family Law,What was the outcome of Case Title 324?,The case resulted in a decision for the plaintiff.
325,Case Title 325,Description of case 325,Criminal,What was the outcome of Case Title 325?,The case resulted in a decision for the plaintiff.
326,Case Title 326,Description of case 326,Family Law,What was the outcome of Case Title 326?,The case resulted in a decision for the plaintiff.
327,Case Title 327,Description of case 327,Employment Law,What was the outcome of Case Title 327?,The case resulted in a decision for the plaintiff.
328,Case Title 328,Description of case 328,Civil,What was the outcome of Case Title 328?,The case resulted in a decision for the plaintiff.
329,Case Title 329,Description of case 329,Criminal,What was the outcome of Case Title 329?,The case resulted in a decision for the plaintiff.
330,Case Title 330,Description of case 330,Civil,What was the outcome of Case Title 330?,The case resulted in a decision for the plaintiff.
331,Case Title 331,Description of case 331,Criminal,What was the outcome of Case Title 331?,The case resulted in a decision for the plaintiff.
332,Case Title 332,Description of case 332,Family Law,What was the outcome of Case Title 332?,The case resulted in a decision for the plaintiff.
333,Case Title 333,Description of case 333,Civil,What was the outcome of Case Title 333?,The case resulted in a decision for the plaintiff.
334,Case Title 334,Description of case 334,Employment Law,What was the outcome of Case Title 334?,The case resulted in a decision for the plaintiff.
335,Case Title 335,Description of case 335,Family Law,What was the outcome of Case Title 335?,The case resulted in a decision for the plaintiff.
336,Case Title 336,Description of case 336,Intellectual Property,What was the outcome of Case Title 336?,The case resulted in a decision for the plaintiff.
337,Case Title 337,Description of case 337,Family Law,What was the outcome of Case Title 337?,The case resulted in a decision for the plaintiff.
338,Case Title 338,Description of case 338,Intellectual Property,What was the outcome of Case Title 338?,The case resulted in a decision for the plaintiff.
339,Case Title 339,Description of case 339,Civil,What was the outcome of Case Title 339?,The case resulted in a decision for the plaintiff.
340,Case Title 340,Description of case 340,Criminal,What was the outcome of Case Title 340?,The case resulted in a decision for the plaintiff.
341,Case Title 341,Description of case 341,Intellectual Property,What was the outcome of Case Title 341?,The case resulted in a decision for the plaintiff.
342,Case Title 342,Description of case 342,Civil,What was the outcome of Case Title 342?,The case resulted in a decision for the plaintiff.
343,Case Title 343,Description of case 343,Family Law,What was the outcome of Case Title 343?,The case resulted in a decision for the plaintiff.
344,Case Title 344,Description of case 344,Family Law,What was the outcome of Case Title 344?,The case resulted in a decision for the plaintiff.
345,Case Title 345,Description of case 345,Family Law,What was the outcome of Case Title 345?,The case resulted in a decision for the plaintiff.
346,Case Title 346,Description of case 346,Family Law,What was the outcome of Case Title 346?,The case resulted in a decision for the plaintiff.
347,Case Title 347,Description of case 347,Family Law,What was the outcome of Case Title 347?,The case resulted in a decision for the plaintiff.
348,Case Title 348,Description of case 348,Criminal,What was the outcome of Case Title 348?,The case resulted in a decision for the plaintiff.
349,Case Title 349,Description of case 349,Civil,What was the outcome of Case Title 349?,The case resulted in a decision for the plaintiff.
350,Case Title 350,Description of case 350,Criminal,What was the outcome of Case Title 350?,The case resulted in a decision for the plaintiff.
351,Case Title 351,Description of case 351,Employment Law,What was the outcome of Case Title 351?,The case resulted in a decision for the plaintiff.
352,Case Title 352,Description of case 352,Family Law,What was the outcome of Case Title 352?,The case resulted in a decision for the plaintiff.
353,Case Title 353,Description of case 353,Employment Law,What was the outcome of Case Title 353?,The case resulted in a decision for the plaintiff.
354,Case Title 354,Description of case 354,Criminal,What was the outcome of Case Title 354?,The case resulted in a decision for the plaintiff.
355,Case Title 355,Description of case 355,Family Law,What was the outcome of Case Title 355?,The case resulted in a decision for the plaintiff.
356,Case Title 356,Description of case 356,Criminal,What was the outcome of Case Title 356?,The case resulted in a decision for the plaintiff.
357,Case Title 357,Description of case 357,Civil,What was the outcome of Case Title 357?,The case resulted in a decision for the plaintiff.
358,Case Title 358,Description of case 358,Employment Law,What was the outcome of Case Title 358?,The case resulted in a decision for the plaintiff.
359,Case Title 359,Description of case 359,Employment Law,What was the outcome of Case Title 359?,The case resulted in a decision for the plaintiff.
360,Case Title 360,Description of case 360,Criminal,What was the outcome of Case Title 360?,The case resulted in a decision for the plaintiff.
361,Case Title 361,Description of case 361,Criminal,What was the outcome of Case Title 361?,The case resulted in a decision for the plaintiff.
362,Case Title 362,Description of case 362,Civil,What was the outcome of Case Title 362?,The case resulted in a decision for the plaintiff.
363,Case Title 363,Description of case 363,Intellectual Property,What was the outcome of Case Title 363?,The case resulted in a decision for the plaintiff.
364,Case Title 364,Description of case 364,Civil,What was the outcome of Case Title 364?,The case resulted in a decision for the plaintiff.
365,Case Title 365,Description of case 365,Civil,What was the outcome of Case Title 365?,The case resulted in a decision for the plaintiff.
366,Case Title 366,Description of case 366,Family Law,What was the outcome of Case Title 366?,The case resulted in a decision for the plaintiff.
367,Case Title 367,Description of case 367,Criminal,What was the outcome of Case Title 367?,The case resulted in a decision for the plaintiff.
368,Case Title 368,Description of case 368,Criminal,What was the outcome of Case Title 368?,The case resulted in a decision for the plaintiff.
369,Case Title 369,Description of case 369,Intellectual Property,What was the outcome of Case Title 369?,The case resulted in a decision for the plaintiff.
370,Case Title 370,Description of case 370,Family Law,What was the outcome of Case Title 370?,The case resulted in a decision for the plaintiff.
371,Case Title 371,Description of case 371,Criminal,What was the outcome of Case Title 371?,The case resulted in a decision for the plaintiff.
372,Case Title 372,Description of case 372,Civil,What was the outcome of Case Title 372?,The case resulted in a decision for the plaintiff.
373,Case Title 373,Description of case 373,Civil,What was the outcome of Case Title 373?,The case resulted in a decision for the plaintiff.
374,Case Title 374,Description of case 374,Employment Law,What was the outcome of Case Title 374?,The case resulted in a decision for the plaintiff.
375,Case Title 375,Description of case 375,Criminal,What was the outcome of Case Title 375?,The case resulted in a decision for the plaintiff.
376,Case Title 376,Description of case 376,Intellectual Property,What was the outcome of Case Title 376?,The case resulted in a decision for the plaintiff.
377,Case Title 377,Description of case 377,Civil,What was the outcome of Case Title 377?,The case resulted in a decision for the plaintiff.
378,Case Title 378,Description of case 378,Family Law,What was the outcome of Case Title 378?,The case resulted in a decision for the plaintiff.
379,Case Title 379,Description of case 379,Civil,What was the outcome of Case Title 379?,The case resulted in a decision for the plaintiff.
380,Case Title 380,Description of case 380,Criminal,What was the outcome of Case Title 380?,The case resulted in a decision for the plaintiff.
381,Case Title 381,Description of case 381,Intellectual Property,What was the outcome of Case Title 381?,The case resulted in a decision for the plaintiff.
382,Case Title 382,Description of case 382,Intellectual Property,What was the outcome of Case Title 382?,The case resulted in a decision for the plaintiff.
383,Case Title 383,Description of case 383,Employment Law,What was the outcome of Case Title 383?,The case resulted in a decision for the plaintiff.
384,Case Title 384,Description of case 384,Intellectual Property,What was the outcome of Case Title 384?,The case resulted in a decision for the plaintiff.
385,Case Title 385,Description of case 385,Employment Law,What was the outcome of Case Title 385?,The case resulted in a decision for the plaintiff.
386,Case Title 386,Description of case 386,Civil,What was the outcome of Case Title 386?,The case resulted in a decision for the plaintiff.
387,Case Title 387,Description of case 387,Family Law,What was the outcome of Case Title 387?,The case resulted in a decision for the plaintiff.
388,Case Title 388,Description of case 388,Employment Law,What was the outcome of Case Title 388?,The case resulted in a decision for the plaintiff.
389,Case Title 389,Description of case 389,Intellectual Property,What was the outcome of Case Title 389?,The case resulted in a decision for the plaintiff.
390,Case Title 390,Description of case 390,Civil,What was the outcome of Case Title 390?,The case resulted in a decision for the plaintiff.
391,Case Title 391,Description of case 391,Criminal,What was the outcome of Case Title 391?,The case resulted in a decision for the plaintiff.
392,Case Title 392,Description of case 392,Criminal,What was the outcome of Case Title 392?,The case resulted in a decision for the plaintiff.
393,Case Title 393,Description of case 393,Employment Law,What was the outcome of Case Title 393?,The case resulted in a decision for the plaintiff.
394,Case Title 394,Description of case 394,Intellectual Property,What was the outcome of Case Title 394?,The case resulted in a decision for the plaintiff.
395,Case Title 395,Description of case 395,Employment Law,What was the outcome of Case Title 395?,The case resulted in a decision for the plaintiff.
396,Case Title 396,Description of case 396,Civil,What was the outcome of Case Title 396?,The case resulted in a decision for the plaintiff.
397,Case Title 397,Description of case 397,Civil,What was the outcome of Case Title 397?,The case resulted in a decision for the plaintiff.
398,Case Title 398,Description of case 398,Civil,What was the outcome of Case Title 398?,The case resulted in a decision for the plaintiff.
399,Case Title 399,Description of case 399,Employment Law,What was the outcome of Case Title 399?,The case resulted in a decision for the plaintiff.
400,Case Title 400,Description of case 400,Family Law,What was the outcome of Case Title 400?,The case resulted in a decision for the plaintiff.
401,Case Title 401,Description of case 401,Family Law,What was the outcome of Case Title 401?,The case resulted in a decision for the plaintiff.
402,Case Title 402,Description of case 402,Criminal,What was the outcome of Case Title 402?,The case resulted in a decision for the plaintiff.
403,Case Title 403,Description of case 403,Intellectual Property,What was the outcome of Case Title 403?,The case resulted in a decision for the plaintiff.
404,Case Title 404,Description of case 404,Intellectual Property,What was the outcome of Case Title 404?,The case resulted in a decision for the plaintiff.
405,Case Title 405,Description of case 405,Family Law,What was the outcome of Case Title 405?,The case resulted in a decision for the plaintiff.
406,Case Title 406,Description of case 406,Employment Law,What was the outcome of Case Title 406?,The case resulted in a decision for the plaintiff.
407,Case Title 407,Description of case 407,Employment Law,What was the outcome of Case Title 407?,The case resulted in a decision for the plaintiff.
408,Case Title 408,Description of case 408,Civil,What was the outcome of Case Title 408?,The case resulted in a decision for the plaintiff.
409,Case Title 409,Description of case 409,Civil,What was the outcome of Case Title 409?,The case resulted in a decision for the plaintiff.
410,Case Title 410,Description of case 410,Family Law,What was the outcome of Case Title 410?,The case resulted in a decision for the plaintiff.
411,Case Title 411,Description of case 411,Intellectual Property,What was the outcome of Case Title 411?,The case resulted in a decision for the plaintiff.
412,Case Title 412,Description of case 412,Civil,What was the outcome of Case Title 412?,The case resulted in a decision for the plaintiff.
413,Case Title 413,Description of case 413,Intellectual Property,What was the outcome of Case Title 413?,The case resulted in a decision for the plaintiff.
414,Case Title 414,Description of case 414,Intellectual Property,What was the outcome of Case Title 414?,The case resulted in a decision for the plaintiff.
415,Case Title 415,Description of case 415,Intellectual Property,What was the outcome of Case Title 415?,The case resulted in a decision for the plaintiff.
416,Case Title 416,Description of case 416,Criminal,What was the outcome of Case Title 416?,The case resulted in a decision for the plaintiff.
417,Case Title 417,Description of case 417,Family Law,What was the outcome of Case Title 417?,The case resulted in a decision for the plaintiff.
418,Case Title 418,Description of case 418,Civil,What was the outcome of Case Title 418?,The case resulted in a decision for the plaintiff.
419,Case Title 419,Description of case 419,Employment Law,What was the outcome of Case Title 419?,The case resulted in a decision for the plaintiff.
420,Case Title 420,Description of case 420,Family Law,What was the outcome of Case Title 420?,The case resulted in a decision for the plaintiff.
421,Case Title 421,Description of case 421,Intellectual Property,What was the outcome of Case Title 421?,The case resulted in a decision for the plaintiff.
422,Case Title 422,Description of case 422,Intellectual Property,What was the outcome of Case Title 422?,The case resulted in a decision for the plaintiff.
423,Case Title 423,Description of case 423,Family Law,What was the outcome of Case Title 423?,The case resulted in a decision for the plaintiff.
424,Case Title 424,Description of case 424,Intellectual Property,What was the outcome of Case Title 424?,The case resulted in a decision for the plaintiff.
425,Case Title 425,Description of case 425,Family Law,What was the outcome of Case Title 425?,The case resulted in a decision for the plaintiff.
426,Case Title 426,Description of case 426,Intellectual Property,What was the outcome of Case Title 426?,The case resulted in a decision for the plaintiff.
427,Case Title 427,Description of case 427,Criminal,What was the outcome of Case Title 427?,The case resulted in a decision for the plaintiff.
428,Case Title 428,Description of case 428,Family Law,What was the outcome of Case Title 428?,The case resulted in a decision for the plaintiff.
429,Case Title 429,Description of case 429,Family Law,What was the outcome of Case Title 429?,The case resulted in a decision for the plaintiff.
430,Case Title 430,Description of case 430,Intellectual Property,What was the outcome of Case Title 430?,The case resulted in a decision for the plaintiff.
431,Case Title 431,Description of case 431,Intellectual Property,What was the outcome of Case Title 431?,The case resulted in a decision for the plaintiff.
432,Case Title 432,Description of case 432,Intellectual Property,What was the outcome of Case Title 432?,The case resulted in a decision for the plaintiff.
433,Case Title 433,Description of case 433,Criminal,What was the outcome of Case Title 433?,The case resulted in a decision for the plaintiff.
434,Case Title 434,Description of case 434,Employment Law,What was the outcome of Case Title 434?,The case resulted in a decision for the plaintiff.
435,Case Title 435,Description of case 435,Family Law,What was the outcome of Case Title 435?,The case resulted in a decision for the plaintiff.
436,Case Title 436,Description of case 436,Intellectual Property,What was the outcome of Case Title 436?,The case resulted in a decision for the plaintiff.
437,Case Title 437,Description of case 437,Intellectual Property,What was the outcome of Case Title 437?,The case resulted in a decision for the plaintiff.
438,Case Title 438,Description of case 438,Intellectual Property,What was the outcome of Case Title 438?,The case resulted in a decision for the plaintiff.
439,Case Title 439,Description of case 439,Employment Law,What was the outcome of Case Title 439?,The case resulted in a decision for the plaintiff.
440,Case Title 440,Description of case 440,Family Law,What was the outcome of Case Title 440?,The case resulted in a decision for the plaintiff.
441,Case Title 441,Description of case 441,Civil,What was the outcome of Case Title 441?,The case resulted in a decision for the plaintiff.
442,Case Title 442,Description of case 442,Criminal,What was the outcome of Case Title 442?,The case resulted in a decision for the plaintiff.
443,Case Title 443,Description of case 443,Family Law,What was the outcome of Case Title 443?,The case resulted in a decision for the plaintiff.
444,Case Title 444,Description of case 444,Family Law,What was the outcome of Case Title 444?,The case resulted in a decision for the plaintiff.
445,Case Title 445,Description of case 445,Employment Law,What was the outcome of Case Title 445?,The case resulted in a decision for the plaintiff.
446,Case Title 446,Description of case 446,Intellectual Property,What was the outcome of Case Title 446?,The case resulted in a decision for the plaintiff.
447,Case Title 447,Description of case 447,Civil,What was the outcome of Case Title 447?,The case resulted in a decision for the plaintiff.
448,Case Title 448,Description of case 448,Family Law,What was the outcome of Case Title 448?,The case resulted in a decision for the plaintiff.
449,Case Title 449,Description of case 449,Employment Law,What was the outcome of Case Title 449?,The case resulted in a decision for the plaintiff.
450,Case Title 450,Description of case 450,Civil,What was the outcome of Case Title 450?,The case resulted in a decision for the plaintiff.
451,Case Title 451,Description of case 451,Employment Law,What was the outcome of Case Title 451?,The case resulted in a decision for the plaintiff.
452,Case Title 452,Description of case 452,Family Law,What was the outcome of Case Title 452?,The case resulted in a decision for the plaintiff.
453,Case Title 453,Description of case 453,Civil,What was the outcome of Case Title 453?,The case resulted in a decision for the plaintiff.
454,Case Title 454,Description of case 454,Civil,What was the outcome of Case Title 454?,The case resulted in a decision for the plaintiff.
455,Case Title 455,Description of case 455,Employment Law,What was the outcome of Case Title 455?,The case resulted in a decision for the plaintiff.
456,Case Title 456,Description of case 456,Family Law,What was the outcome of Case Title 456?,The case resulted in a decision for the plaintiff.
457,Case Title 457,Description of case 457,Employment Law,What was the outcome of Case Title 457?,The case resulted in a decision for the plaintiff.
458,Case Title 458,Description of case 458,Criminal,What was the outcome of Case Title 458?,The case resulted in a decision for the plaintiff.
459,Case Title 459,Description of case 459,Employment Law,What was the outcome of Case Title 459?,The case resulted in a decision for the plaintiff.
460,Case Title 460,Description of case 460,Intellectual Property,What was the outcome of Case Title 460?,The case resulted in a decision for the plaintiff.
461,Case Title 461,Description of case 461,Employment Law,What was the outcome of Case Title 461?,The case resulted in a decision for the plaintiff.
462,Case Title 462,Description of case 462,Family Law,What was the outcome of Case Title 462?,The case resulted in a decision for the plaintiff.
463,Case Title 463,Description of case 463,Civil,What was the outcome of Case Title 463?,The case resulted in a decision for the plaintiff.
464,Case Title 464,Description of case 464,Employment Law,What was the outcome of Case Title 464?,The case resulted in a decision for the plaintiff.
465,Case Title 465,Description of case 465,Intellectual Property,What was the outcome of Case Title 465?,The case resulted in a decision for the plaintiff.
466,Case Title 466,Description of case 466,Criminal,What was the outcome of Case Title 466?,The case resulted in a decision for the plaintiff.
467,Case Title 467,Description of case 467,Intellectual Property,What was the outcome of Case Title 467?,The case resulted in a decision for the plaintiff.
468,Case Title 468,Description of case 468,Employment Law,What was the outcome of Case Title 468?,The case resulted in a decision for the plaintiff.
469,Case Title 469,Description of case 469,Criminal,What was the outcome of Case Title 469?,The case resulted in a decision for the plaintiff.
470,Case Title 470,Description of case 470,Civil,What was the outcome of Case Title 470?,The case resulted in a decision for the plaintiff.
471,Case Title 471,Description of case 471,Intellectual Property,What was the outcome of Case Title 471?,The case resulted in a decision for the plaintiff.
472,Case Title 472,Description of case 472,Criminal,What was the outcome of Case Title 472?,The case resulted in a decision for the plaintiff.
473,Case Title 473,Description of case 473,Employment Law,What was the outcome of Case Title 473?,The case resulted in a decision for the plaintiff.
474,Case Title 474,Description of case 474,Civil,What was the outcome of Case Title 474?,The case resulted in a decision for the plaintiff.
475,Case Title 475,Description of case 475,Criminal,What was the outcome of Case Title 475?,The case resulted in a decision for the plaintiff.
476,Case Title 476,Description of case 476,Family Law,What was the outcome of Case Title 476?,The case resulted in a decision for the plaintiff.
477,Case Title 477,Description of case 477,Intellectual Property,What was the outcome of Case Title 477?,The case resulted in a decision for the plaintiff.
478,Case Title 478,Description of case 478,Employment Law,What was the outcome of Case Title 478?,The case resulted in a decision for the plaintiff.
479,Case Title 479,Description of case 479,Criminal,What was the outcome of Case Title 479?,The case resulted in a decision for the plaintiff.
480,Case Title 480,Description of case 480,Employment Law,What was the outcome of Case Title 480?,The case resulted in a decision for the plaintiff.
481,Case Title 481,Description of case 481,Intellectual Property,What was the outcome of Case Title 481?,The case resulted in a decision for the plaintiff.
482,Case Title 482,Description of case 482,Intellectual Property,What was the outcome of Case Title 482?,The case resulted in a decision for the plaintiff.
483,Case Title 483,Description of case 483,Employment Law,What was the outcome of Case Title 483?,The case resulted in a decision for the plaintiff.
484,Case Title 484,Description of case 484,Criminal,What was the outcome of Case Title 484?,The case resulted in a decision for the plaintiff.
485,Case Title 485,Description of case 485,Criminal,What was the outcome of Case Title 485?,The case resulted in a decision for the plaintiff.
486,Case Title 486,Description of case 486,Intellectual Property,What was the outcome of Case Title 486?,The case resulted in a decision for the plaintiff.
487,Case Title 487,Description of case 487,Intellectual Property,What was the outcome of Case Title 487?,The case resulted in a decision for the plaintiff.
488,Case Title 488,Description of case 488,Civil,What was the outcome of Case Title 488?,The case resulted in a decision for the plaintiff.
489,Case Title 489,Description of case 489,Criminal,What was the outcome of Case Title 489?,The case resulted in a decision for the plaintiff.
490,Case Title 490,Description of case 490,Employment Law,What was the outcome of Case Title 490?,The case resulted in a decision for the plaintiff.
491,Case Title 491,Description of case 491,Civil,What was the outcome of Case Title 491?,The case resulted in a decision for the plaintiff.
492,Case Title 492,Description of case 492,Family Law,What was the outcome of Case Title 492?,The case resulted in a decision for the plaintiff.
493,Case Title 493,Description of case 493,Intellectual Property,What was the outcome of Case Title 493?,The case resulted in a decision for the plaintiff.
494,Case Title 494,Description of case 494,Civil,What was the outcome of Case Title 494?,The case resulted in a decision for the plaintiff.
495,Case Title 495,Description of case 495,Civil,What was the outcome of Case Title 495?,The case resulted in a decision for the plaintiff.
496,Case Title 496,Description of case 496,Intellectual Property,What was the outcome of Case Title 496?,The case resulted in a decision for the plaintiff.
497,Case Title 497,Description of case 497,Criminal,What was the outcome of Case Title 497?,The case resulted in a decision for the plaintiff.
498,Case Title 498,Description of case 498,Employment Law,What was the outcome of Case Title 498?,The case resulted in a decision for the plaintiff.
499,Case Title 499,Description of case 499,Employment Law,What was the outcome of Case Title 499?,The case resulted in a decision for the plaintiff.
500,Case Title 500,Description of case 500,Employment Law,What was the outcome of Case Title 500?,The case resulted in a decision for the plaintiff.
